doc_name,question,ref_answer,final_response,cosine_similarity,bert_score,llm_eval
3M_2018_10K,What is the FY2018 capital expenditure amount (in USD millions) for 3M? Give a response to the question by relying on the details shown in the cash flow statement.,$1577.00,The FY2018 capital expenditure amount for 3M is not available in the document.,0.0,0.8475961089134216,0.0
3M_2018_10K,Assume that you are a public equities analyst. Answer the following question by primarily using information that is shown in the balance sheet: what is the year end FY2018 net PPNE for 3M? Answer in USD billions.,$8.70,"The information regarding the year-end FY2018 net PP&E (Property, Plant, and Equipment) for 3M is not provided in the document.",0.0,0.8015064597129822,0.0
3M_2022_10K,Is 3M a capital-intensive business based on FY2022 data?,"No, the company is managing its CAPEX and Fixed Assets pretty efficiently, which is evident from below key metrics:
CAPEX/Revenue Ratio: 5.1%
Fixed assets/Total Assets: 20%
Return on Assets= 12.4%","The information regarding whether 3M is a capital-intensive business based on FY2022 data is not available in the provided document. To determine if 3M is a capital-intensive business, you would typically look at the company's capital expenditures in relation to its total revenues or look for specific statements addressing the nature of its investments in property, plant, and equipment. The provided document does not include this specific analysis.",0.12636831567900456,0.8336392045021057,0.714933628318584
3M_2022_10K,"What drove operating margin change as of FY2022 for 3M? If operating margin is not a useful metric for a company like this, then please state that and explain why.","Operating Margin for 3M in FY2022 has decreased by 1.7% primarily due to: 
-Decrease in gross Margin
-mostly one-off charges including Combat Arms Earplugs litigation, impairment related to exiting PFAS manufacturing, costs related to exiting Russia and divestiture-related restructuring
charges","The operating margin change for 3M in FY2022 is mentioned in the provided text from the Annual Report on Form 10-K. Here's the relevant information from the document that explains the factors driving the change in operating margin:

""Operating income margins decreased in 2022 compared to 2021. The primary drivers of this decline were:
- Significantly higher raw material costs, and to a lesser extent, logistics and energy costs.
- Adverse impacts from lower disposable respirator demand primarily due to declining COVID-19 related demand and to a lesser extent as a result of overall portfolio and manufacturing realignment following the discontinuation of certain non-strategic product lines.
- Foreign currency translation negatively impacted operating income margins due to the stronger U.S. dollar versus several other currencies.
- Lower sales volume negatively impacted operating margin in organic local-currency terms.
- Higher compensation and benefit costs due to inflationary pressures.""

So, based on this information, the decrease in 3M's operating margin in FY2022 was driven by increased raw material, logistics, and energy costs, decreased demand for certain products, negative impacts from foreign currency translation, lower sales volumes, and higher compensation and benefit costs due to inflation.
",0.292056717633298,0.816135823726654,0.006893939393939394
3M_2022_10K,"If we exclude the impact of M&A, which segment has dragged down 3M's overall growth in 2022?",The consumer segment shrunk by 0.9% organically.,The relevant information is not provided in the document.,0.14362799865308862,0.851089596748352,0.0
